City_ID,City,Country,Max Temp,Current Description,Lat,Lng,Hotel Name
0,Rikitea,PF,75.76,broken clouds,-23.1203,-134.9692,People ThankYou
1,Tuatapere,NZ,52.83,overcast clouds,-46.1333,167.6833,Ron and Tony's Bed & Breakfast
2,Quatre Cocos,MU,78.1,scattered clouds,-20.2078,57.7625,Sunrise Attitude Hotel
3,Ahipara,NZ,71.06,overcast clouds,-35.1667,173.1667,Ahipara Holiday Park
4,Port Hardy,CA,42.8,light intensity shower rain,50.6996,-127.4199,Airport Inn
6,Chiang Khong,TH,55.72,clear sky,20.2613,100.4046,Chiangkhong Green Inn Resident
7,Mandalgovi,MN,20.5,scattered clouds,45.7625,106.2708,В.Ганбат
8,Busselton,AU,77.04,clear sky,-33.65,115.3333,Observatory Guest House
9,Goderich,CA,30.9,overcast clouds,43.7501,-81.7165,Harmony Inn
10,Hobart,AU,53.26,broken clouds,-42.8794,147.3294,Mantra on Collins Hobart
11,Mataura,NZ,52.48,overcast clouds,-46.1927,168.8643,Ellie's Villa
12,Chara,RU,12.63,broken clouds,56.9064,118.2631,
13,Saldanha,ZA,71.65,broken clouds,-33.0117,17.9442,Blue Bay Lodge
14,Tiarei,PF,82.42,scattered clouds,-17.5333,-149.3333,Le Rocher de Tahiti
15,Qaanaaq,GL,7.29,few clouds,77.484,-69.3632,Qaanaaq Hotel
16,Torbay,CA,35.67,overcast clouds,47.6666,-52.7314,Gallows Cove
17,San Antonio,US,82.38,clear sky,29.4241,-98.4936,Drury Plaza Hotel San Antonio Riverwalk
18,Souillac,MU,78.37,few clouds,-20.5167,57.5167,Shanti Maurice Resort & Spa
19,Trogir,HR,53.8,overcast clouds,43.5125,16.2517,Hotel Medena
21,Severo-Kurilsk,RU,31.51,overcast clouds,50.6789,156.125,Kak Doma
22,Kagoro,NG,73.6,overcast clouds,9.6,8.3833,Palm Garden Hotel
23,Rorvik,NO,28.51,clear sky,64.8621,11.2373,Kysthotellet Rørvik AS
25,Mar Del Plata,AR,71.62,clear sky,-38.0023,-57.5575,Gran Hotel Mar del Plata
26,Sakakah,SA,60.37,clear sky,29.9697,40.2064,Fakhamat Al Orjoana Apartment
27,Chicama,PE,64.94,overcast clouds,-7.8447,-79.1469,Balihai Bungalows
28,Ancud,CL,80.22,clear sky,-41.8697,-73.8203,Hotel Arena Gruesa
29,Copiapo,CL,64.09,broken clouds,-27.3667,-70.3333,San Francisco de La Selva
30,Mingshui,CN,41.9,light rain,36.7167,117.5,Grace Inn Zhangqiu Station Avenue Branch
31,Cabo San Lucas,MX,87.51,overcast clouds,22.8909,-109.9124,Hotel Tesoro Los Cabos
32,Ushuaia,AR,55.06,clear sky,-54.8,-68.3,Albatros Hotel
33,Benguela,AO,78.98,few clouds,-12.5763,13.4055,Hotel Praia Morena
34,Cidreira,BR,69.39,clear sky,-30.1811,-50.2056,Hotel Castelo
35,Zarichne,UA,21.18,overcast clouds,51.8126,26.129,Yunistʹ
36,Lebu,CL,61.7,clear sky,-37.6167,-73.65,Hostal Las Lilas
37,Hermanus,ZA,69.91,overcast clouds,-34.4187,19.2345,Misty Waves Boutique Hotel
38,Arkhangelsk,RU,10.51,light snow,64.5401,40.5433,DVINA HOTEL
39,Carnarvon,AU,71.67,overcast clouds,-24.8667,113.6333,Hospitality Carnarvon
40,Punta Arenas,CL,60.91,clear sky,-53.15,-70.9167,Hotel Hain
41,Namibe,AO,69.33,clear sky,-15.1961,12.1522,Hotel Chik Chik Namibe
42,Kaitangata,NZ,58.05,broken clouds,-46.2817,169.8464,Kaitangata Motor Camp
43,Sao Filipe,CV,76.87,overcast clouds,14.8961,-24.4956,Hotel Xaguate
44,Bagdarin,RU,14.83,clear sky,54.4333,113.6,Gostevoy Dom Terem
45,Bluff,NZ,52.81,overcast clouds,-46.6,168.3333,Bluff Homestead - Guesthouse & Campervan Park
46,Invermere,CA,38.73,broken clouds,50.5167,-116.0354,Copper Point Resort
47,Ribeira Grande,PT,61.2,broken clouds,38.5167,-28.7,Quinta da Meia Eira
48,Victoria,HK,67.98,scattered clouds,22.2855,114.1577,Mini Hotel Central
49,Vao,NC,78.3,scattered clouds,-22.6667,167.4833,Hotel Kou-Bugny
50,Baturaja,ID,73.0,broken clouds,-4.1333,104.1667,"HOTEL Sekar Sunja, Baturaja Timur, Ogan Komering Ulu"
51,Orsha,BY,9.84,few clouds,54.5153,30.4053,Rudakovo Hotel
52,Hearst,CA,3.45,overcast clouds,49.6835,-83.6665,Companion
53,Tuktoyaktuk,CA,12.2,overcast clouds,69.4541,-133.0374,End of The Road Ltd.
54,New Norfolk,AU,52.92,clear sky,-42.7826,147.0587,The Shingles Riverside Cottages
55,Kodiak,US,36.91,broken clouds,57.79,-152.4072,Best Western Kodiak Inn And Convention Center
56,Vaini,TO,80.76,few clouds,-21.2,-175.2,Keleti Beach Resort
57,Manacapuru,BR,79.38,overcast clouds,-3.2997,-60.6206,Novo Hotel
58,Nalut,LY,50.99,scattered clouds,30.3333,10.85,
59,Albany,US,34.81,overcast clouds,42.6001,-73.9662,
60,Norman Wells,CA,10.44,light snow,65.282,-126.8329,Heritage Hotel
62,Mogadishu,SO,79.11,broken clouds,2.0371,45.3438,Hotel Juba
63,Basar,IN,52.81,clear sky,27.9833,94.6667,Dolma Group of Hotels
64,Gondanglegi,ID,76.46,overcast clouds,-7.7479,112.0132,pondok pesantren mamba'ul 'ulum selo rejo
65,Abha,SA,55.22,clear sky,18.2164,42.5053,Abha Hotel
66,Castro,BR,68.94,few clouds,-24.7911,-50.0119,CHACARA BAILLY
67,Hilo,US,77.79,light rain,19.7297,-155.09,Hilo Hawaiian Hotel
69,Cape Town,ZA,70.12,clear sky,-33.9258,18.4232,Southern Sun Waterfront Cape Town
70,Faya,SA,55.51,clear sky,18.3851,42.4509,املاك خالد الشعشوع
71,Rogozno,PL,29.28,overcast clouds,52.7523,16.9905,Ośrodek Rekreacyjno Sportowy
72,Dustlik,UZ,41.88,clear sky,40.5247,68.0358,
73,Arrecife,ES,66.27,few clouds,28.963,-13.5477,Hotel Lancelot
74,Jamestown,US,29.08,light snow,42.097,-79.2353,Hampton Inn & Suites Jamestown
76,Bethel,US,39.04,light rain,41.3712,-73.414,Courtyard by Marriott Danbury
77,Port Antonio,JM,85.91,broken clouds,18.18,-76.4612,The Trident Hotel
78,Westport,US,41.79,overcast clouds,41.1415,-73.3579,Norwalk Inn
79,Acquaviva Delle Fonti,IT,54.79,few clouds,40.8978,16.8425,B&B La Stazione
80,Hithadhoo,MV,81.48,overcast clouds,-0.6,73.0833,Scoop Guest House
81,Piacabucu,BR,80.76,scattered clouds,-10.4056,-36.4344,Piaçabuçu News
82,Enshi,CN,44.83,scattered clouds,30.3,109.4833,Moevenpick Enshi
83,Cimitarra,CO,87.71,overcast clouds,6.3142,-73.9497,HOTEL CARARE PLAZA
84,Ponta Delgada,PT,61.5,broken clouds,37.7333,-25.6667,Vila Nova Hotel
85,Kropotkin,RU,49.78,overcast clouds,45.4375,40.5756,Hotel Europe Kropotkin
86,Butaritari,KI,82.42,broken clouds,3.0707,172.7902,Isles Sunset Lodge
87,Dali,CN,47.95,few clouds,25.7,100.1833,Dali Travelling With Hostel
88,Ust-Koksa,RU,12.69,overcast clouds,50.2696,85.6108,Uymonskaya Dolina
89,San Cristobal,VE,77.18,overcast clouds,7.7669,-72.225,Posada Villaven C.A.
90,Inirida,CO,80.46,overcast clouds,3.8653,-67.9239,Fuente del Guania Hotel de Lujo
91,Diffa,NE,70.93,clear sky,13.3154,12.6113,ProDAF/Diffa
92,Mount Gambier,AU,51.71,overcast clouds,-37.8333,140.7667,The Commodore
93,Bengkulu,ID,74.68,broken clouds,-3.8004,102.2655,Grage Hotel Bengkulu
94,Vila Franca Do Campo,PT,61.2,overcast clouds,37.7167,-25.4333,Pestana Bahia Praia
95,Avarua,CK,80.65,light rain,-21.2078,-159.775,Paradise Inn
96,Arraial Do Cabo,BR,67.96,broken clouds,-22.9661,-42.0278,Pousada Porto Praia
97,Sur,OM,74.17,scattered clouds,22.5667,59.5289,Sur Plaza Hotel
98,Barranca,PE,69.66,overcast clouds,-10.75,-77.7667,El Olivar Hospedaje
99,Kupang,ID,78.98,scattered clouds,-10.1667,123.5833,Hotel On The Rock by Prasanthi
100,Am Timan,TD,79.75,clear sky,11.0297,20.2827,Palais du chef Canton Salamt
101,Lewistown,US,38.07,light snow,40.5992,-77.5714,Quality Inn & Suites
102,Guilin,CN,50.11,overcast clouds,25.2819,110.2864,Grand 0773 Hotel
103,Isangel,VU,80.71,scattered clouds,-19.55,169.2667,Tanna Lodge
104,Port Elizabeth,ZA,65.1,mist,-33.918,25.5701,39 On Nile Guest House
105,Paamiut,GL,23.07,overcast clouds,61.994,-49.6678,Pistut
106,Alugan,PH,79.25,moderate rain,12.2188,125.4808,JM Lodge
107,Lagoa,PT,60.44,overcast clouds,39.05,-27.9833,Casa Das Faias
108,Itupiranga,BR,82.72,overcast clouds,-5.1347,-49.3267,Hotel Panorama
109,Maningrida,AU,81.64,scattered clouds,-12.0667,134.2667,Dhukurrdji Lodge
111,Mehamn,NO,21.38,clear sky,71.0357,27.8492,Mehamn Arctic Hotel AS
112,Nikolskoye,RU,10.29,overcast clouds,59.7035,30.7861,Tourist House - Sablino
113,Kahului,US,79.86,broken clouds,20.8947,-156.47,Maui Seaside Hotel
114,Bowen,AU,75.42,broken clouds,-20.0167,148.2333,Castle Motor Lodge Motel
115,Phalaborwa,ZA,72.68,overcast clouds,-23.943,31.1411,Bothabelo Bed and Breakfast
116,Businga,CD,73.71,clear sky,3.3333,20.8833,
117,Sainte-Rose,GP,81.18,few clouds,16.3324,-61.6979,Villa - Duzer
118,Barrow,US,8.62,haze,71.2906,-156.7887,King Eider Inn
119,Half Moon Bay,US,60.91,mist,37.4636,-122.4286,"The Ritz-Carlton, Half Moon Bay"
120,Tasiilaq,GL,30.36,snow,65.6145,-37.6368,The Red House
121,East London,ZA,70.57,light rain,-33.0153,27.9116,Tu Casa
122,Padang,ID,77.41,broken clouds,-0.9492,100.3543,Mercure Padang
123,Tuy Hoa,VN,73.42,overcast clouds,13.0833,109.3,CenDeluxe Hotel Tuy Hoa
124,Martinsburg,US,43.88,broken clouds,39.4562,-77.9639,"Holiday Inn Martinsburg, an IHG Hotel"
125,Nesebar,BG,38.35,broken clouds,42.7833,27.7333,Sunset Complex
126,Abaza,RU,2.57,broken clouds,52.655,90.0928,Гостевой дом «Кедровый»
127,Atuona,PF,78.21,few clouds,-9.8,-139.0333,Villa Enata
128,Margate,GB,43.7,broken clouds,51.3813,1.3862,Premier Inn Margate hotel
129,Yuzhne,UA,41.22,overcast clouds,46.6221,31.1013,Чорноморська Симфонія
130,Finschhafen,PG,81.05,overcast clouds,-6.6024,147.8681,Cossam Guest House
131,Eyl,SO,75.42,overcast clouds,7.9803,49.8164,Amiin Hotel
132,Belyy Yar,RU,4.86,clear sky,53.6039,91.3903,Pasportnyy Stol
133,Tailai,CN,20.82,overcast clouds,46.3833,123.4,Pearl Garden Hotel
134,Steinbach,DE,38.88,few clouds,50.1667,8.5667,Mercure Hotel Frankfurt Eschborn Helfmann Park
135,Puerto Ayora,EC,80.56,overcast clouds,-0.7393,-90.3518,Finch Bay Galapagos Hotel
136,Saint-Philippe,RE,74.75,few clouds,-21.3585,55.7679,"Chambres d'hôte ""La Trinité"""
137,Luanda,AO,78.06,broken clouds,-8.8368,13.2343,Hotel Fórum
138,Puri,IN,73.92,broken clouds,19.8,85.85,OYO 1577 Hotel Shree Hari Grand
139,Airai,TL,60.28,broken clouds,-8.9266,125.4092,Juvinal Martin
140,Smederevska Palanka,RS,33.58,overcast clouds,44.3655,20.9589,Božić 2018
141,Buraydah,SA,61.25,broken clouds,26.326,43.975,فندق راحة السلام
142,Clarence Town,AU,68.34,overcast clouds,-32.5833,151.7833,River Downs Cottage
143,Anderson,US,59.22,few clouds,34.5334,-82.6499,The Bleckley Inn
144,Butajira,ET,57.69,broken clouds,8.1167,38.3667,እናት መናፈሻ ( Enat Menafesha)
145,Port Lincoln,AU,57.76,broken clouds,-34.7333,135.8667,Port Lincoln Hotel
147,Hushitai,CN,31.91,overcast clouds,41.9322,123.5114,Home Inn Plus Shenyang Shihutai University Town
148,Ejby,DK,35.31,light snow,55.4858,12.0817,AD Apartment
149,Geraldton,AU,70.21,overcast clouds,-28.7667,114.6,Broadwater Mariner Resort
150,Viedma,AR,55.89,light rain,-40.8135,-62.9967,Hotel Cristal
151,Buala,SB,81.41,light rain,-8.145,159.5921,Maringe Lagoon Lodge
152,Zatoka,UA,41.54,overcast clouds,46.0725,30.4654,"База отдыха ""Солнечная"""
153,Khatanga,RU,0.64,overcast clouds,71.9667,102.5,"Gostinitsa ""Zapolyar'ye"""
154,Dutse,NG,68.4,broken clouds,11.7594,9.3392,Central Mosque Galamawa
156,Labuhan,ID,78.87,overcast clouds,-6.8844,112.2051,PT PPI Lamongan Tambak C
157,Svobodnyy,RU,12.81,overcast clouds,51.4,128.1333,Alekseevskij Hotel
158,Terre-De-Bas,GP,82.81,clear sky,15.8501,-61.6442,Hôtel Bois Joli
159,Madaoua,NE,69.69,overcast clouds,14.073,5.96,
160,Bairiki,KI,84.2,scattered clouds,1.3292,172.9752,Tarawa Boutique Hotel
161,Merauke,ID,78.46,overcast clouds,-8.4667,140.3333,
162,Yellowknife,CA,6.42,light snow,62.456,-114.3525,The Explorer Hotel
163,Kaeo,NZ,67.32,overcast clouds,-35.1,173.7833,Bushido Lodge
165,Vestmannaeyjar,IS,40.86,overcast clouds,63.4427,-20.2734,Glamping & Camping
166,Bambous Virieux,MU,78.22,few clouds,-20.3428,57.7575,Casa Tia Villa
167,Perez,AR,92.62,clear sky,-32.9983,-60.7679,Camping Sindicato De Television
168,Kununurra,AU,75.18,moderate rain,-15.7667,128.7333,Hotel Kununurra
169,Port Alfred,ZA,69.12,light rain,-33.5906,26.891,The Halyards Hotel
170,Baoding,CN,38.05,overcast clouds,38.8511,115.4903,Xiu Lan Hotel
171,Bredasdorp,ZA,64.27,overcast clouds,-34.5322,20.0403,Bredasdorp Country Manor
172,Bandarbeyla,SO,76.35,scattered clouds,9.4942,50.8122,JABIR HOTEL
173,Mahebourg,MU,78.26,few clouds,-20.4081,57.7,Shandrani Beachcomber Resort & Spa
174,Vostok,RU,11.62,scattered clouds,46.4856,135.8833,
175,Muros,ES,51.24,broken clouds,42.7762,-9.0603,Apartment Av. Castelao
176,Kapaa,US,82.38,light rain,22.0752,-159.319,Sheraton Kauai Coconut Beach Resort
177,Eureka,US,55.13,overcast clouds,40.8021,-124.1637,Eureka Inn Trademark By Wyndham
178,Hamilton,US,42.08,clear sky,39.1834,-84.5333,Six Acres Bed & Breakfast
179,Hammerfest,NO,19.85,clear sky,70.6634,23.6821,Skytterhuset
180,Teknaf,BD,73.35,clear sky,20.8624,92.3058,Forestry Guesthouse
181,Yueyang,CN,54.25,overcast clouds,29.3333,113.0919,Delong Fortune Hotel
182,Aklavik,CA,15.8,light snow,68.2191,-135.0107,Aklavik Inn
183,Nishihara,JP,65.48,few clouds,26.1842,127.7558,Minshuku Agaihama
184,Kavieng,PG,80.4,moderate rain,-2.5744,150.7967,Nusa Island Retreat
185,Poum,NC,81.63,clear sky,-20.2333,164.0167,Gîte kajeon
186,Port Moresby,PG,74.62,scattered clouds,-9.4431,147.1797,Lamana Hotel (Port Moresby)
187,Rute,ES,50.38,scattered clouds,37.3269,-4.3683,El Mirador de Rute
188,Ust-Kulom,RU,13.6,light snow,61.6864,53.6902,Ip Napalkov Vasiliy Dmitriyevich
189,Kruisfontein,ZA,62.89,overcast clouds,-34.0033,24.7314,Oyster Bay House Rental
190,Marzuq,YE,58.78,clear sky,14.4,46.4667,
191,Haifa,IL,59.22,broken clouds,32.8156,34.9892,Dan Panorama Haifa Hotel
192,Puerto Escondido,MX,86.83,scattered clouds,15.85,-97.0667,Aldea del Bazar Hotel and Spa
193,Kijang,KR,44.33,broken clouds,35.2442,129.2139,Samyang Beach Villa
194,Carupano,VE,80.37,scattered clouds,10.6678,-63.2585,Hotel La dorada
196,Sangin,AF,46.13,clear sky,32.0728,64.8359,
197,Georgetown,MY,79.9,few clouds,5.4112,100.3354,Cititel Penang
198,Huilong,CN,56.03,overcast clouds,31.8111,121.655,Hilton Garden Inn Qidong
200,Praia Da Vitoria,PT,59.25,broken clouds,38.7333,-27.0667,Hotel Branco I
201,Kenora,CA,10.38,overcast clouds,49.8167,-94.4337,Maynard Lake Lodge
202,Pandan,PH,77.76,overcast clouds,14.0453,124.1694,Bonifacio Lodge
203,Flinders,AU,63.21,light rain,-34.5833,150.8552,Shellharbour Resort & Conference Centre
204,Benjamin Constant,BR,91.53,scattered clouds,-4.3831,-70.0311,CASA AVALIADA
205,Manjakandriana,MG,60.49,clear sky,-18.9167,47.8,Ampahikely Manjakandriana
206,Itoman,JP,66.22,broken clouds,26.1247,127.6694,Southern Beach Hotel & Resort Okinawa
207,Pflugerville,US,80.11,clear sky,30.4394,-97.62,Comfort Suites Pflugerville - Austin North
208,Makabe,JP,47.59,overcast clouds,36.2667,140.1,見晴らしの丘 真壁 うり坊
209,Birnin Kebbi,NG,73.92,scattered clouds,12.4539,4.1975,Saffar Guest Inn Ltd
210,Corrales,US,58.66,broken clouds,35.2378,-106.6067,Quality Inn
211,Gorontalo,ID,76.78,overcast clouds,0.5412,123.0595,Maqna Hotel by Prasanthi
212,Ndele,CF,76.59,broken clouds,8.4109,20.6473,
213,Mayakonda,IN,69.28,few clouds,14.2833,76.0833,
214,Nabire,ID,76.75,overcast clouds,-3.3667,135.4833,Hotel Nusantara Nabire
215,Lolodorf,CM,71.82,broken clouds,3.2333,10.7333,Auberge La Decouverte
216,Saint-Pierre,RE,74.84,clear sky,-21.3393,55.4781,Lindsey Hôtel
217,Sadovo,BG,40.05,clear sky,42.1333,24.9333,"Къща за гости ""Сюлевски"" Садаво"
218,Bosaso,SO,72.93,clear sky,11.2842,49.1816,Red Sea Hotel
219,Juneau,US,34.84,snow,58.3019,-134.4197,"Baranof Downtown, Bw Signature Collection"
220,La Seyne-Sur-Mer,FR,46.92,few clouds,43.0982,5.8847,La Frégate
221,Volno-Nadezhdinskoye,RU,11.68,overcast clouds,43.3833,131.9917,"Stoyanka Ooo ""Aml"""
223,Mabaruma,GY,75.54,broken clouds,8.2,-59.7833,Monty Brooms Guest House
224,Bow Island,CA,43.18,clear sky,49.8668,-111.3684,Silver Sage Motel
225,Ixtapa,MX,90.81,clear sky,20.7,-105.2,Hotel Plaza Providencia
226,Noumea,NC,81.0,clear sky,-22.2763,166.4572,Hôtel Le Lagon
227,Faanui,PF,81.34,scattered clouds,-16.4833,-151.75,Bora-Bora Pearl Beach Resort & Spa
228,Vardo,NO,10.6,few clouds,70.3705,31.1107,Vardø Hotel AS
229,Asau,RO,31.95,overcast clouds,46.4333,26.4,Casa Mika Ciobanus
230,Binzhou,CN,40.93,overcast clouds,37.3667,118.0167,Hampton By Hilton Binzhou
231,Shingu,JP,44.92,clear sky,33.7333,135.9833,Shingu UI Hotel
232,Cairns,AU,81.07,scattered clouds,-16.9167,145.7667,Mantra Trilogy Cairns
233,Port Angeles,US,48.06,scattered clouds,48.1181,-123.4307,Red Lion Hotel Port Angeles Harbor
234,Longyearbyen,SJ,26.44,scattered clouds,78.2186,15.6401,"Radisson Blu Polar Hotel, Spitsbergen"
235,Otane,NZ,73.38,scattered clouds,-39.8833,176.6333,Ludlow Farmstay
237,Sorland,NO,28.26,broken clouds,67.667,12.6934,Sjybrygga fiskecamp
238,Sainte-Savine,FR,34.48,clear sky,48.2964,4.0464,Le Royal
239,Maniitsoq,GL,29.37,overcast clouds,65.4167,-52.9,Hotel Heilmann Lyberth
240,Pimentel,PE,73.69,few clouds,-6.8367,-79.9342,Casona Del Muelle
241,Malinovskiy,RU,8.22,overcast clouds,61.1953,62.8397,
242,Husavik,IS,17.51,scattered clouds,66.0449,-17.3389,Bjarnabúð
243,Port Blair,IN,78.89,scattered clouds,11.6667,92.75,"Welcomhotel By ITC Hotels, Bay Island, Port Blair"
244,Garowe,SO,69.3,overcast clouds,8.4054,48.4845,Curubo Hotel
245,Emerald,AU,71.74,clear sky,-23.5333,148.1667,The Irish Village
246,Brenham,US,76.64,clear sky,30.1669,-96.3977,Hampton Inn & Suites Brenham
247,Kralendijk,BQ,84.18,broken clouds,12.15,-68.2667,Divi Flamingo Beach Resort & Casino
248,Lazurne,UA,47.01,overcast clouds,46.084,32.5295,New Manna Hostel
249,Amealco,MX,68.16,clear sky,20.1833,-100.15,Hotel Jose Maria
250,Huarmey,PE,71.44,broken clouds,-10.0681,-78.1522,Hotel Miramar
251,Panjab,AF,23.83,clear sky,34.388,67.0233,
252,Abnub,EG,57.42,clear sky,27.2696,31.1511,Romany Adly Gad
253,Awjilah,LY,56.71,clear sky,29.1081,21.2869,
254,Rawson,AR,56.52,clear sky,-43.3002,-65.1023,Hosteria Sampedro
255,Los Llanos De Aridane,ES,64.15,broken clouds,28.6585,-17.9182,Valle Aridane
256,Hasaki,JP,46.8,moderate rain,35.7333,140.8333,Hotel Sunrise Choshi
257,Mauganj,IN,59.86,clear sky,24.6833,81.8833,Hotel Shagun Palace & Marriage Garden
258,Djambala,CG,70.48,broken clouds,-2.5447,14.7533,Hotel Ravin D'or
259,Coihaique,CL,75.15,few clouds,-45.5752,-72.0662,Diego De Almagro Coyhaique
260,Gushikawa,JP,65.43,scattered clouds,26.3544,127.8686,Kirari Guest House
261,Ponta Do Sol,PT,64.13,scattered clouds,32.6667,-17.1,Hotel do Campo
262,Seoul,KR,36.84,mist,37.5683,126.9778,Lotte Hotel Seoul
263,Pochutla,MX,89.82,scattered clouds,15.7432,-96.4661,Hotel Posada San Jose
264,Taltal,CL,67.23,scattered clouds,-25.4,-70.4833,Residencial Karime
265,Gat,IL,59.77,overcast clouds,31.61,34.7642,OlusHome
266,Bataipora,BR,86.79,clear sky,-22.2953,-53.2711,Hotel Vale do Ivinhema
267,Fairbanks,US,10.74,light snow,64.8378,-147.7164,Westmark Fairbanks Hotel & Conference Center
268,Ayan,RU,14.86,broken clouds,56.45,138.1667,Gostinitsa
269,Darhan,MN,9.19,overcast clouds,49.4867,105.9228,Buudai Hotel
270,Xuanwu,CN,50.81,overcast clouds,32.069,118.8138,东方珍珠饭店
272,Dingle,PH,75.9,moderate rain,10.9995,122.6711,SEGAYA PROPERTY
273,Bull Savanna,JM,79.72,scattered clouds,17.8868,-77.5902,Big Red's
274,Sambava,MG,74.82,light rain,-14.2667,50.1667,Melrose
275,Kenai,US,15.85,light snow,60.5544,-151.2583,Aspen Extended Stay Suites
276,Yuanping,CN,32.07,overcast clouds,38.7153,112.7575,Yuanping Xinghe Guesthouse
277,Loiza,PR,83.86,scattered clouds,18.4313,-65.8802,Malibu Beachfront
278,Baruun-Urt,MN,21.4,overcast clouds,46.6806,113.2792,Ахмадын амралт сувилал
279,Hofn,IS,34.65,snow,64.2539,-15.2082,Hótel Höfn
280,Daoukro,CI,77.77,scattered clouds,7.0591,-3.9631,Komenan brou roseline
281,Ilulissat,GL,7.84,overcast clouds,69.2167,-51.1,Hotel Arctic
282,Bobo Dioulasso,BF,77.45,few clouds,11.1771,-4.2979,RAN Hotel Somketa
283,Laguna,US,55.26,fog,38.421,-121.4238,"Holiday Inn Express & Suites Elk Grove Central - Hwy 99, an IHG Hotel"
284,Paita,PE,75.76,broken clouds,-5.0892,-81.1144,Hotel Náutico de Paita
285,Praia,CV,73.94,clear sky,14.9215,-23.5087,LT Aparthotel
286,Digby,CA,29.71,light snow,44.6169,-65.7655,Digby Pines Golf Resort and Spa
287,San Joaquin,US,57.79,haze,37.9333,-121.3011,University Plaza Waterfront Hotel
288,Upernavik,GL,6.82,overcast clouds,72.7868,-56.1549,Gina's Guesthouse - Upernavik
289,Rio Grande,BR,77.11,clear sky,-32.035,-52.0986,Hotel Atlântico Rio Grande
290,Laibin,CN,61.39,overcast clouds,23.7,109.2667,GreenTree Alliance Laibin Railway Station Hotel
291,Evanston,US,35.78,few clouds,42.0411,-87.6901,Hilton Garden Inn Chicago North Shore/Evanston
292,Mount Isa,AU,76.77,scattered clouds,-20.7333,139.5,ibis Styles Mt Isa Verona
293,Jasper,US,57.27,few clouds,37.2001,-94.3502,Guest House Motel
294,Naze,JP,63.14,few clouds,28.3667,129.4833,Shishime Hotel
295,Lingao,CN,69.55,scattered clouds,19.9103,109.6859,Lingao Ditai Inn
297,Shache,CN,34.9,overcast clouds,38.4167,77.2406,Delong Hotel
298,Guerrero Negro,MX,69.93,overcast clouds,27.9769,-114.0611,"Casa Laguna, Bed & Breakfast"
299,Puerto El Triunfo,SV,87.08,overcast clouds,13.2833,-88.55,Hotel Jardin
300,Gorom-Gorom,BF,77.59,scattered clouds,14.4439,-0.2361,
301,Asuncion,PY,90.84,scattered clouds,-25.3007,-57.6359,"Crowne Plaza Asuncion, an IHG Hotel"
302,Saint-Francois,FR,39.47,overcast clouds,46.4154,3.9054,Manoir Du Bonheur
303,Sinop,TR,46.22,overcast clouds,41.7711,34.8709,
305,Sri Aman,MY,75.25,broken clouds,1.2376,111.4621,Seri Simanggang Hotel
306,Meridian,US,50.32,overcast clouds,43.6121,-116.3915,Courtyard by Marriott Boise West/Meridian
307,Salalah,OM,71.91,clear sky,17.0151,54.0924,"HAMDAN PLAZA HOTEL SALALAH, an HTG Hotel"
308,Bonavista,CA,32.11,overcast clouds,48.6499,-53.1147,Abbott's Bed & Breakfast
309,College,US,10.72,broken clouds,64.8569,-147.8028,Pike's Waterfront Lodge
311,Muroto,JP,52.83,clear sky,33.2833,134.15,Oota Ryokan
312,Coihueco,CL,86.74,clear sky,-36.6167,-71.8333,Frutillares Centro Coihueco
313,Najran,SA,54.25,clear sky,17.4924,44.1277,محمد هادي ال فطيح
314,Bukene,TZ,68.22,light rain,-4.2333,32.8833,New Millenium Lodge
315,Grand Gaube,MU,78.39,few clouds,-20.0064,57.6608,Veranda Paul et Virginie Hotel & Spa
316,Sisimiut,GL,19.04,overcast clouds,66.9395,-53.6735,Hotel Sisimiut
317,Pokhara,NP,54.95,clear sky,28.2333,83.9833,Butterfly Lodge
318,Huangnihe,CN,16.18,broken clouds,43.5583,128.0239,Huangnihe Forestry Bureau Huanglin Hotel
319,Boueni,YT,80.58,clear sky,-12.9025,45.0761,The feet in water
320,Qaqortoq,GL,20.05,scattered clouds,60.7167,-46.0333,Siniffik Inn
321,Marawi,PH,65.64,overcast clouds,7.9986,124.2928,Derogongan Residence
323,Havelock,US,48.15,overcast clouds,34.8791,-76.9013,Sherwood Motel
324,Pemex,MX,85.48,scattered clouds,18.4395,-96.3461,Hotel Alquimia Premier
325,Le Port,RE,75.16,scattered clouds,-20.9373,55.2919,KORBEY D'OR OUEST
326,Chuy,UY,69.96,clear sky,-33.6971,-53.4616,Nuevo Hotel Plaza
327,Pitimbu,BR,82.99,clear sky,-7.4706,-34.8086,Reserva do Abiaí
328,Honiara,SB,79.25,moderate rain,-9.4333,159.95,Heritage Park Hotel
329,Ballina,AU,67.78,clear sky,-28.8667,153.5667,Ramada Hotel & Suites by Wyndham Ballina Byron
330,Sangueya,GN,76.21,few clouds,10.7,-14.3667,
331,Sept-Iles,CA,5.05,broken clouds,50.2001,-66.3821,Comfort Inn
332,Clyde River,CA,7.03,scattered clouds,70.4692,-68.5914,Qamaq Hotel
333,Bubaque,GW,82.51,broken clouds,11.2833,-15.8333,"Casa Dora, Bubaque"
334,Yamethin,MM,68.13,clear sky,20.4333,96.15,အလင်းရောင် ဘက်ထရီ
335,Alyangula,AU,75.07,broken clouds,-13.8483,136.4192,Groote Eylandt Lodge
336,Coracao De Jesus,BR,79.52,scattered clouds,-16.6853,-44.365,Hotel Neves
337,Paldiski,EE,21.9,overcast clouds,59.3567,24.0531,Pakri Hostel
338,Mocuba,MZ,74.44,few clouds,-16.8392,36.9856,Phama Lodge
340,Iqaluit,CA,6.53,light snow,63.7506,-68.5145,Frobisher Inn
341,Grande Prairie,CA,28.58,few clouds,55.1667,-118.8027,"Holiday Inn Express Grande Prairie, an IHG Hotel"
342,Codrington,AU,56.41,broken clouds,-38.2667,141.9667,Codrington Gardens Bed And Breakfast
343,Leh,IN,13.23,overcast clouds,34.1667,77.5833,Hotel Ladakh Greens
344,Aloleng,PH,75.22,overcast clouds,16.1307,119.7824,Steve Walden and Emma Sison-Walden Residence
345,Constitucion,CL,65.1,scattered clouds,-35.3333,-72.4167,Hotel Boutique Las Azucenas
346,Neiafu,TO,77.68,light rain,-18.65,-173.9833,Mystic Sands Beachfront Accommodation
347,Takoradi,GH,80.69,clear sky,4.8845,-1.7554,Raybow International Hotel
348,Antofagasta,CL,65.48,broken clouds,-23.65,-70.4,"Holiday Inn Express Antofagasta, an IHG Hotel"
350,Katiola,CI,83.03,clear sky,8.1333,-5.1,Auberge Residence Yebin
351,Bathsheba,BB,83.01,scattered clouds,13.2167,-59.5167,Atlantis Hotel
352,Nampula,MZ,80.55,clear sky,-15.1165,39.2666,BUTIK Hotel
353,Hanna,CA,37.42,light rain,51.6334,-111.9018,West View Motel
354,Shush,IR,65.01,overcast clouds,32.1942,48.2436,Mosque Zaman (AS) Cultural promised -Kanvn
355,Madinat Sittah Uktubar,EG,60.4,clear sky,29.8167,31.05,Happy Kennel Academy
356,Khurba,RU,10.08,broken clouds,50.4072,136.8819,
357,Kavaratti,IN,80.15,clear sky,10.5669,72.642,Hotels in Lakshadweep Islands
358,Sao Joao Da Barra,BR,69.89,overcast clouds,-21.6403,-41.0511,Pousada Porto De Canoas
359,Zhezkazgan,KZ,13.39,overcast clouds,47.8043,67.7144,Hotel Zumrat
360,Nenjiang,CN,6.85,scattered clouds,49.1833,125.2167,Nenjiang Apartment
361,Carroll,US,41.92,overcast clouds,39.5501,-77.0164,Best Western Westminster Hotel
363,Klaksvik,FO,38.32,overcast clouds,62.2266,-6.589,Airbnb rooms
364,Swift Current,CA,38.21,clear sky,50.2834,-107.8014,"Motel 6 Swift Current, SK"
365,Kuandian,CN,29.64,overcast clouds,40.7286,124.7847,Hi Inn Dandong Kuandian Ji Xian Garden
366,Macusani,PE,45.09,overcast clouds,-14.0833,-70.4333,"Hospedaje ""Arca de Noe"""
367,Telford,GB,43.52,broken clouds,52.6766,-2.4493,"Holiday Inn Telford - Ironbridge, an IHG Hotel"
368,Hami,CN,28.06,overcast clouds,42.8,93.45,Laoyutang Resort
369,Hambantota,LK,77.22,overcast clouds,6.1241,81.1185,Bungalow 63
370,Santiago De Chuco,PE,61.25,moderate rain,-8.15,-78.1833,Hostal San Cristóbal
371,Sharjah,AE,71.58,clear sky,25.3573,55.4033,Swiss Belhotel Sharjah
372,Conde,BR,81.86,scattered clouds,-7.2597,-34.9075,Pousada Beija Flor
373,Te Anau,NZ,58.66,broken clouds,-45.4167,167.7167,Kingsgate Hotel Te Anau
374,Lorengau,PG,80.42,overcast clouds,-2.0226,147.2712,Lorengau Harbourside Hotel
375,Stornoway,GB,38.93,broken clouds,58.2093,-6.3865,Caladh Inn
376,Penzance,GB,46.76,scattered clouds,50.1186,-5.5371,Artist Residence Penzance
377,Teguldet,RU,0.19,overcast clouds,57.3064,88.1667,
378,Ranau,MY,70.45,overcast clouds,5.9538,116.6641,The Second Room
379,Provideniya,RU,6.91,overcast clouds,64.3833,-173.3,
380,Coahuayana,MX,90.97,clear sky,18.7333,-103.6833,El rranchito michuacan de ocampos
382,Agadez,NE,53.53,few clouds,19.75,10.25,
383,Caravelas,BR,73.0,overcast clouds,-17.7125,-39.2481,Pousada dos Navegantes
385,Tessalit,ML,71.37,few clouds,20.1986,1.0114,
387,Dossor,KZ,36.7,broken clouds,47.5272,52.9811,"Gostinitsa Orpk ""Nauryz"""
388,Bonthe,SL,81.41,clear sky,7.5264,-12.505,Bonthe Holiday Village
389,Jundia,BR,84.02,broken clouds,-8.9347,-35.5736,
390,Umm Lajj,SA,68.67,scattered clouds,25.0213,37.2685,Moon light Furnished Units
391,Sitka,US,36.19,moderate rain,57.0531,-135.33,Westmark Sitka
392,Bauchi,NG,68.41,overcast clouds,10.5,10.0,
393,Nicoya,CR,90.95,broken clouds,10.1483,-85.452,Las Cabinas Del Sueño
394,Srikakulam,IN,74.3,broken clouds,18.3,83.9,Micro Systems
395,Filingue,NE,76.03,scattered clouds,14.3521,3.3168,
396,Tommot,RU,17.64,light snow,58.9564,126.2925,Gostinitsa Tommot
397,Esperance,AU,57.04,clear sky,-33.8667,121.9,Hospitality Esperance
398,Mulchen,CL,91.26,clear sky,-37.7167,-72.2333,Hotel Los Maitenes de Villalón
399,Novoplatnirovskaya,RU,49.51,overcast clouds,46.1065,39.4191,
400,Rey Bouba,CM,77.52,broken clouds,8.6724,14.1786,
402,Nahariyya,IL,59.99,broken clouds,33.0059,35.0941,Shtarkman Erna Hotel
403,Beihai,CN,66.7,overcast clouds,21.4833,109.1,21 Degree Hostel
404,Qiongshan,CN,69.78,clear sky,20.0058,110.3542,Sun City Restaurant
406,Jieshou,CN,43.65,clear sky,33.2634,115.3611,Vatica Jieshou City New Passenger Transport Center Hotel
407,Banda Aceh,ID,77.74,overcast clouds,5.5577,95.3222,Sulthan Hotel International
408,Yambio,SS,75.34,overcast clouds,4.5721,28.3955,Naivasha Hotel
409,Genthin,DE,34.72,light rain,52.4,12.1667,Hotel Müller
410,Stokmarknes,NO,24.76,clear sky,68.5646,14.9108,Vesterålen Kysthotell
411,Rocha,UY,71.65,scattered clouds,-34.4833,-54.3333,Hotel Arrarte
412,Alice Springs,AU,65.75,overcast clouds,-23.7,133.8833,Desert Palms Alice Springs
413,Lantawan,PH,76.69,moderate rain,10.6167,123.9833,Durano Ecofarm and Spring Resort
414,Caucaia,BR,86.07,clear sky,-3.7361,-38.6531,M.O.S. Logística - Filial Fortaleza
415,Katsuura,JP,52.2,overcast clouds,35.1333,140.3,Katsuura Hotel Mikazuki
416,Mudgee,AU,59.79,light intensity shower rain,-32.5943,149.5871,Parklands Resort & Conference Centre
417,Siverskiy,RU,9.48,broken clouds,59.3544,30.0783,Vacation home on Sovetskaya
418,Liezen,AT,28.63,overcast clouds,47.5667,14.2333,Vermietung DANIS
419,Doha,QA,71.58,clear sky,25.2867,51.5333,Movenpick Hotel Doha
420,Jaciara,BR,81.97,light rain,-15.9653,-54.9683,Taba Hotel
421,Rincon,US,66.16,overcast clouds,32.296,-81.2354,Days Inn Rincon
422,Vernon,CA,38.8,overcast clouds,50.2581,-119.2691,Prestige Vernon Lodge and Conference Centre
423,Ormara,PK,71.67,clear sky,25.2088,64.6357,Crystal Beach and Camping Resort Ormara
424,Capitan Bado,PY,83.37,clear sky,-23.2667,-55.5333,Hotel Suiza
425,Vila Velha,BR,71.55,overcast clouds,-20.3297,-40.2925,Quality Suites Vila Velha
426,Onega,RU,10.81,overcast clouds,63.9061,38.1404,Lunny Kot Guest House
427,Barcelona,ES,50.76,few clouds,41.3888,2.159,Axel Hotel Barcelona
428,Atambua,ID,73.92,overcast clouds,-9.1061,124.8925,Pastori 1 Jemaat Polycarpus
429,Coquimbo,CL,65.93,clear sky,-29.9533,-71.3436,Punto de encuentro
430,Macapa,BR,82.38,light rain,0.0389,-51.0664,Atalanta Hotel
431,Mujiayingzi,CN,32.95,light snow,42.1167,118.7833,Jinjiang Hotel
432,Maceio,BR,85.44,few clouds,-9.6658,-35.7353,Poutur Pousada
433,Aki,JP,44.46,clear sky,33.5,133.9,Seigetsu Ryokan
434,Aksu,CN,27.66,clear sky,41.1231,80.2644,Pudong Holiday Hotel
435,Kanniyakumari,IN,79.52,clear sky,8.0833,77.5667,Sparsa
436,San Vicente De Canete,PE,70.03,overcast clouds,-13.0751,-76.3835,Hotel Konford
437,Iranshahr,IR,55.74,clear sky,27.2025,60.6848,نیک سرشت
438,Nantucket,US,38.14,light rain,41.2835,-70.0995,Jared Coffin House
439,Hay River,CA,4.98,light snow,60.8156,-115.7999,Ptarmigan Inn
440,Meulaboh,ID,77.04,overcast clouds,4.1363,96.1285,Kost Pria
441,Cabedelo,BR,83.07,clear sky,-6.9811,-34.8339,Hotel Pigalle
442,Yenagoa,NG,78.94,clear sky,4.9247,6.2642,Aridolf Resort Wellness and Spa
443,Yaan,NG,81.99,overcast clouds,7.3833,8.5667,
444,Boa Vista,BR,93.18,broken clouds,2.8197,-60.6733,Aipana Plaza Hotel
445,La Peca,PE,85.21,light rain,-5.6111,-78.435,Hospedaje San Miguelito
446,Port Augusta,AU,55.54,clear sky,-32.5,137.7667,Majestic Oasis Apartments
447,Champerico,GT,95.54,overcast clouds,14.3,-91.9167,"Hotel y restaurante ""El Diamante"""
448,Bedesa,ET,59.32,few clouds,8.9,40.7833,
450,Makakilo City,US,74.68,scattered clouds,21.3469,-158.0858,Marriott's Ko Olina Beach Club
451,Bilma,NE,63.91,scattered clouds,18.6853,12.9164,Expeditions Ténére voyages
452,Verkhniy Avzyan,RU,9.0,overcast clouds,53.5289,57.5372,
454,San Patricio,US,81.05,scattered clouds,28.017,-97.5169,"Motel 6 Sinton, TX"
455,Shenjiamen,CN,58.19,overcast clouds,29.9576,122.298,Jinjiang Inn Zhoushan Putuo Shenjiamen
456,Bon Accord,CA,35.38,broken clouds,53.8335,-113.4187,
457,Cuamba,MZ,82.87,overcast clouds,-14.8031,36.5372,Hotel Vision
458,Le Havre,FR,39.9,few clouds,49.4938,0.1077,Oscar Hôtel
459,Kamenka,RU,36.75,overcast clouds,51.3223,42.7678,
460,Killybegs,IE,46.11,overcast clouds,54.6333,-8.45,Tara Hotel
462,Homer,US,29.77,overcast clouds,59.6425,-151.5483,Beluga Lake Lodge
464,Dongzhen,CN,63.09,scattered clouds,22.3797,110.9389,茂名中汇时尚酒店
465,Magomeni,TZ,75.85,light rain,-6.8,39.25,Conway Hotel
466,Shubarshi,KZ,23.36,overcast clouds,48.5872,57.1869,
467,Tarauaca,BR,83.25,overcast clouds,-8.1614,-70.7656,Flat Temporada
468,Nelson Bay,AU,67.95,overcast clouds,-32.7167,152.15,Mantra Nelson Bay
469,Hobyo,SO,78.33,overcast clouds,5.3505,48.5268,Halane Hotel and Restaurent
470,Kiruna,SE,0.52,light snow,67.8557,20.2251,Camp Ripan
471,Yeppoon,AU,78.58,overcast clouds,-23.1333,150.7333,Villa Mar Colina
472,Lata,PT,52.92,overcast clouds,40.1629,-8.3327,Casa Maquia
473,Okha,RU,11.28,broken clouds,53.5739,142.9478,"Gostinitsa ""Sakhalin-Sfera"""
474,Fortuna,US,56.19,overcast clouds,40.5982,-124.1573,Super 8 by Wyndham Fortuna
475,Kutum,SD,61.54,clear sky,14.2,24.6667,Dibbo areaمنطقة دبو
476,Severodvinsk,RU,10.51,overcast clouds,64.5635,39.8302,Park Hotel
477,Ise,JP,51.12,clear sky,34.4833,136.7,Ise Fresh
478,Tautira,PF,82.42,scattered clouds,-17.7333,-149.15,Pension Oaoa
479,Key Biscayne,US,87.03,clear sky,25.6937,-80.1628,"The Ritz-Carlton Key Biscayne, Miami"
480,Blagodatnoye,RU,45.52,overcast clouds,45.3997,42.5867,
481,North Bend,US,49.86,overcast clouds,43.4065,-124.2243,Red Lion Hotel Coos Bay
482,Storforshei,NO,1.2,few clouds,66.4043,14.5233,Skogly overnatting (Stengt/closed)
483,Tambun,ID,79.48,mist,-6.2641,107.0712,Metland Hotel Bekasi
484,Bangkal,PH,79.29,overcast clouds,6.0667,121.0667,JB's Resort
485,Portage,US,30.52,overcast clouds,41.1667,-81.1998,Rocking Horse Inn
486,Shelburne,CA,25.27,overcast clouds,44.0787,-80.2041,The Retreat at the Farm
487,Panaba,MX,89.53,overcast clouds,21.2833,-88.2667,Hotel California
488,Gazojak,TM,39.92,clear sky,41.1875,61.4036,In gowy adamlaryñ yaśayan oyi
489,Silver City,US,60.76,clear sky,32.7701,-108.2803,Copper Manor Motel
490,Touros,BR,85.1,scattered clouds,-5.1989,-35.4608,INN NEW HORIZON
491,Lamu,KE,80.37,light rain,-2.2717,40.902,Lamu House
492,Byron Bay,AU,76.05,clear sky,-28.65,153.6167,Backpackers Inn
494,Lompoc,US,69.78,clear sky,34.6391,-120.4579,"Holiday Inn Express Lompoc, an IHG Hotel"
495,Severobaykalsk,RU,13.89,broken clouds,55.65,109.3167,Hostel03RUS
496,Waipawa,NZ,65.03,light rain,-41.4122,175.5153,Tora Coastal Walk
497,Dunedin,NZ,56.62,overcast clouds,-45.8742,170.5036,Scenic Hotel Southern Cross
498,Puerto Del Rosario,ES,65.95,scattered clouds,28.5004,-13.8627,Hotel JM Puerto del Rosario
500,Filadelfia,US,41.56,broken clouds,39.9523,-75.1638,"The Ritz-Carlton, Philadelphia"
501,Terrace,CA,35.42,light snow,54.5163,-128.6035,Northern Motor Inn
502,Biltine,TD,72.81,clear sky,14.5333,20.9167,Hôtel Trois Étoiles de Biltine
504,Nouadhibou,MR,71.58,clear sky,20.931,-17.0347,El Medina
505,Komsomolskiy,UZ,38.12,mist,40.4272,71.7189,Ikathouse
506,Mount Pleasant,US,63.0,overcast clouds,32.7941,-79.8626,Best Western Patriots Point
507,Bajna,IN,58.64,clear sky,27.9,77.6833,Mr. Uma Shankar Gupta ji
508,Sao Paulo De Olivenca,BR,87.8,overcast clouds,-3.3783,-68.8725,
509,Lakes Entrance,AU,56.16,light rain,-37.8811,147.981,The Esplanade Resort & Spa
510,Pisco,PE,69.03,overcast clouds,-13.7,-76.2167,Hotel San Isidro Oficial
511,Chiknayakanhalli,IN,68.7,broken clouds,13.4172,76.6228,AADHYA RESIDENCY
512,Solnechnyy,RU,13.05,scattered clouds,50.7214,136.6319,Hotel complex Pastoral
514,Barentin,FR,39.13,broken clouds,49.5453,0.9552,Hôtel Première Classe Rouen Nord - Barentin
515,Cockburn Town,TC,80.01,broken clouds,21.4612,-71.1419,Osprey Beach Hotel
516,Port Macquarie,AU,65.89,light rain,-31.4333,152.9167,Rydges Port Macquarie
517,Quesnel,CA,28.9,few clouds,52.9999,-122.5029,Ramada by Wyndham Quesnel
518,Hutchinson,US,56.52,overcast clouds,38.0608,-97.9298,OYO Hotel Hutchinson KS West 4th Ave
519,Kudahuvadhoo,MV,81.68,overcast clouds,2.6708,72.8944,Niyama Private Islands Maldives
520,Candido De Abreu,BR,78.78,clear sky,-24.5669,-51.3333,Hotel Recanto
521,Grindavik,IS,36.07,broken clouds,63.8424,-22.4338,Northern Light Inn & Max's Restaurant
522,Palmer,US,35.85,overcast clouds,42.1584,-72.3287,Wedgewood Motel
523,Beloha,MG,72.86,overcast clouds,-25.1667,45.05,
524,Qeshm,IR,57.07,broken clouds,26.9581,56.2719,Qeshm Kavan Hotel
525,Abalak,RU,2.5,broken clouds,58.1286,68.5944,Туристический комплекс Абалак
526,Cap Malheureux,MU,78.48,few clouds,-19.9842,57.6142,Pereybere Hotel & Spa
527,Aksarka,RU,15.06,overcast clouds,66.5606,67.7975,
528,Dalbandin,PK,51.03,clear sky,28.8947,64.4101,Gidaan Guest House
529,Tulle,FR,35.98,overcast clouds,45.3333,1.8333,Voilco Aster
530,Yartsevo,RU,9.14,scattered clouds,55.0667,32.6964,Apel'sin
531,Troitsk,RU,14.72,overcast clouds,54.0979,61.5773,Hotel H2O
532,Mao,ES,54.16,few clouds,39.8885,4.2658,ARTIEM Capri
533,Necochea,AR,73.58,overcast clouds,-38.5473,-58.7368,dyd -mar Hotel
534,Skibbereen,IE,40.8,broken clouds,51.55,-9.2667,The West Cork Hotel
535,Pimenta Bueno,BR,82.02,overcast clouds,-11.6725,-61.1936,Cristalina Palace Hotel
536,Isla Vista,US,73.35,clear sky,34.4133,-119.861,Best Western Plus South Coast Inn
538,Acarau,BR,82.42,few clouds,-2.8856,-40.12,castelo pizzaria
539,Umm Kaddadah,SD,68.41,clear sky,13.6017,26.6876,
540,Sinjar,IQ,52.14,scattered clouds,36.3209,41.8754,زوماني فون 1
541,Hitoyoshi,JP,45.64,clear sky,32.2167,130.75,Ryokan Ayu-no-Sato
542,Zacatepec,MX,90.64,scattered clouds,18.65,-99.2,Villas El Paraíso
543,Yelan-Kolenovskiy,RU,39.45,overcast clouds,51.1632,41.151,Боярин
544,Kushiro,JP,33.57,overcast clouds,42.975,144.3747,Toyoko Inn Kushiro Jujigai
545,Mozarlandia,BR,81.09,overcast clouds,-14.7447,-50.5706,Hotel Santa Mônica
546,Arcachon,FR,42.85,broken clouds,44.5875,-1.0519,Hôtel All Suites Le Teich
547,Road Town,VG,84.24,scattered clouds,18.4167,-64.6167,"ZINGARA 76ft Catamaran, full crew-all included"
548,High Prairie,CA,27.72,scattered clouds,55.4334,-116.4858,Royal Star Motor Inn
549,Tvoroyri,FO,38.59,overcast clouds,61.5556,-6.8111,Hilmarsstova a Hobbit Hole
550,Uyuni,BO,63.99,overcast clouds,-20.4597,-66.825,Hostal La Magia de Uyuni
551,Jiayuguan,CN,29.53,overcast clouds,39.8167,98.3,Jiugang Hotel - Jiayuguan
552,Mamallapuram,IN,82.06,clear sky,12.6264,80.1722,Radisson Blu Resort Temple Bay Mamallapuram
553,Aquiraz,BR,86.22,broken clouds,-3.9014,-38.3911,Pousada Rua Camurupim
555,Kangaatsiaq,GL,19.67,overcast clouds,68.3065,-53.4641,Nukissiorfiit
556,Baracoa,CU,80.58,clear sky,20.3467,-74.4958,Hostal Rio Miel
557,Katakwi,UG,72.99,overcast clouds,1.8911,33.9661,Ebenezer Guest House
558,Binucayan,PH,69.89,overcast clouds,8.25,125.7167,
559,Pacific Grove,US,63.43,overcast clouds,36.6177,-121.9166,Lovers Point Inn
560,Oistins,BB,79.36,overcast clouds,13.0667,-59.5333,Butterfly Beach Hotel
561,Carutapera,BR,80.78,broken clouds,-1.195,-46.02,Lidera
562,Son La,VN,50.58,clear sky,21.3167,103.9,Galaxy Grand Hotel
563,Dubbo,AU,59.13,broken clouds,-32.25,148.6167,Comfort Inn Blue Lagoon
564,Pilar,BR,79.16,scattered clouds,-9.5972,-35.9567,Pousada e churrascaria Manguaba
565,Singkang,MY,72.52,overcast clouds,2.1006,102.7994,Kampung Seri Makmor Pagoh
566,Axim,GH,80.02,clear sky,4.8699,-2.2405,Axim Beach Resort And Spa
567,Havre-Saint-Pierre,CA,15.55,broken clouds,50.2334,-63.5986,Auberge Niapiskau
568,Guaruja,BR,74.89,few clouds,-23.9931,-46.2564,Charme Hotel Guarujá
569,Kitimat,CA,35.91,moderate rain,54.0524,-128.6534,Kingfish Westcoast Adventures Ltd. Kitimat Estuary Lodge B&B
570,Majene,ID,76.96,overcast clouds,-3.5403,118.9707,Kost Putri RABBANI
571,Matara,LK,75.76,overcast clouds,5.9485,80.5353,Amaloh Boutique Resort
572,Solano,US,57.11,mist,38.2333,-121.9511,Westwind Inn
573,Milverton,CA,27.45,overcast clouds,43.5668,-80.9164,
574,Broome,US,32.83,light snow,42.2506,-75.833,Chenango Valley State Park
575,Santa Marta De Tormes,ES,39.45,few clouds,40.9506,-5.6272,Hotel Alameda Palace
576,Chokwe,MZ,74.3,overcast clouds,-24.5333,32.9833,Complexo Sonho Real
577,Ayame,CI,77.32,few clouds,5.6083,-3.1563,Hotel Bossan
578,Mbini,GQ,80.37,overcast clouds,1.574,9.6134,
579,Livingston,GB,40.12,broken clouds,55.9029,-3.5226,"Premier Inn Livingston (M8, Jct3) hotel"
580,Sorong,ID,80.87,overcast clouds,-0.8833,131.25,Waigo Splash Hotel
581,Conceicao Do Araguaia,BR,77.77,overcast clouds,-8.2578,-49.2647,Tarumã Tropical Hotel
582,Tarata,BO,65.41,light rain,-17.6167,-66.0167,Hacienda castillo
583,Labuan,MY,77.16,overcast clouds,5.2767,115.2417,Tiara Labuan Hotel
584,Batsfjord,NO,15.73,clear sky,70.6345,29.7185,Adventure Apartements
585,Zory,PL,28.99,overcast clouds,50.0452,18.7006,Hotel & Spa Kameleon
586,Qingdao,CN,48.36,overcast clouds,36.0986,120.3719,Le Meridien Qingdao
587,Hervey Bay,AU,77.02,few clouds,-25.2986,152.8535,Shelly Bay Resort
588,Saint George,US,57.63,overcast clouds,37.1041,-113.5841,Best Western Plus Abbey Inn
589,Bridgetown,BB,80.04,overcast clouds,13.1,-59.6167,Hilton Barbados Resort
590,Kasongo,CD,67.86,overcast clouds,-4.45,26.6667,Guest Hôtel
591,Avera,US,54.45,broken clouds,33.194,-82.5271,
592,Tungor,RU,11.86,broken clouds,53.3808,142.9564,
594,Bentong,MY,77.45,overcast clouds,3.5181,101.9079,Tras Mutiara Hotel Bentong
595,Altamira,BR,79.63,overcast clouds,-3.2033,-52.2064,Requinte Hotel
596,Tazovskiy,RU,15.69,overcast clouds,67.4667,78.7,TazHostel
597,Muborak,UZ,44.76,clear sky,39.2553,65.1528,Muborak temiryoʻl vakzali
598,Stromness,GB,43.05,overcast clouds,58.965,-3.296,The Old Smokery
599,Poltava,UA,39.31,overcast clouds,49.5937,34.5407,Yavir
600,Brownsville,US,77.0,overcast clouds,25.9018,-97.4975,University Inn & Suites
601,Tongchuan,CN,36.63,clear sky,35.0806,109.0897,Tongchuan Hotel
602,Bodden Town,KY,84.97,scattered clouds,19.2833,-81.25,Will T Place
603,Dongsheng,CN,26.22,clear sky,39.8161,109.9776,Crowne Plaza Ordos
604,La Reforma,MX,91.74,broken clouds,25.0833,-108.05,Hotel Reforma
606,Nanortalik,GL,26.28,overcast clouds,60.1432,-45.2371,Hotel Kap Farvel
607,Portland,US,50.58,scattered clouds,45.5234,-122.6762,Embassy Suites by Hilton Portland Downtown
608,Yinchuan,CN,32.54,clear sky,38.4681,106.2731,JJ Inns - Yinchuan New Moon Square Branch
609,Ambilobe,MG,73.22,scattered clouds,-13.2,49.05,Hôtel & Restaurant DIANA Ambilobe
610,Fukue,JP,57.83,clear sky,32.6881,128.8419,Goto Guesthouse Utojuku & SA Car Rental
611,Khorramabad,IR,51.84,overcast clouds,33.4878,48.3558,Azadi Hotel
612,Coromandel,BR,72.81,few clouds,-18.4733,-47.2003,Hotel Dona Adélia
613,Kashmor,PK,61.81,clear sky,28.4333,69.5833,Shah Madina Hotel
614,La Union,PE,82.26,broken clouds,-5.4,-80.75,Los Portales
615,Ambovombe,MG,75.18,broken clouds,-25.1667,46.0833,RELAHARA
616,Chihuahua,MX,67.03,overcast clouds,28.5,-106.0,
617,New Baltimore,US,33.15,scattered clouds,42.6811,-82.7369,On The Bay Boutique & Cafe
619,Powell River,CA,42.04,scattered clouds,49.8496,-124.5361,Rodmay Hotel
620,Kungurtug,RU,11.39,light snow,50.5994,97.5228,
621,Atar,MR,70.63,broken clouds,20.5169,-13.0499,Oumou Elghoura
622,Kirakira,SB,82.09,overcast clouds,-10.4544,161.9205,SanBiz Lodge
624,Samarai,PG,82.09,overcast clouds,-10.6167,150.6667,Nuli Sapi
625,Harper,LR,80.29,broken clouds,4.375,-7.7169,Screensaver
626,Adre,TD,70.07,clear sky,13.4667,22.2,
627,Moyale,KE,68.77,few clouds,3.5167,39.0584,La Tahzan Guest House
628,Sobolevo,RU,10.99,broken clouds,54.4299,31.8996,
629,Yelan-Koleno,RU,39.47,overcast clouds,51.1523,41.2306,Gostinitsa Transamiak
630,Thiruvananthapuram,IN,80.58,mist,8.4833,76.9167,Hotel Residency Tower
631,Baie-Saint-Paul,CA,17.06,overcast clouds,47.4411,-70.4986,Hôtel Baie-Saint-Paul
632,Sola,VU,81.72,overcast clouds,-13.8833,167.55,Leumerus Bungalows
634,Istok,XK,31.12,scattered clouds,42.7808,20.4875,Hotel TROFTA
635,Sosnovo-Ozerskoye,RU,7.59,overcast clouds,52.5249,111.5418,
636,Balykshi,KZ,33.8,clear sky,47.0667,51.8667,Гостиница Golden Rose
637,Shostka,UA,31.33,light snow,51.863,33.4698,Premiere Hotel
638,Barkhan,PK,45.99,clear sky,29.8977,69.5256,
639,Petrivka,UA,41.45,overcast clouds,46.9695,30.9591,
640,Jamadoba,IN,67.21,clear sky,23.7167,86.4,sri krishna sweets
641,Natal,BR,83.05,scattered clouds,-5.795,-35.2094,Villa Park Hotel | Natal
642,Taksimo,RU,7.75,broken clouds,56.3444,114.8794,"Gostinitsa ""Domashniy Ochag"""
643,Atlantic Beach,US,78.91,overcast clouds,30.3344,-81.3987,One Ocean Resort and Spa
644,Limay,PH,74.34,overcast clouds,14.5333,120.55,Man's Forest Inland Resort a.k.a Manansala Resort
645,Karratha,AU,87.13,few clouds,-20.7377,116.8463,ibis Styles Karratha
646,Boras,SE,31.82,overcast clouds,57.721,12.9401,Scandic Plaza Borås
647,Cayenne,GF,77.09,moderate rain,4.9333,-52.3333,Hôtel Le Dronmi
648,General Pico,AR,76.87,overcast clouds,-35.6566,-63.7568,Euskadi Hotel
649,Neryungri,RU,11.23,light snow,56.6709,124.6491,Pyat' Zvozd
650,Balikpapan,ID,75.38,overcast clouds,-1.2675,116.8289,ibis Balikpapan
651,Tamale,GH,84.54,clear sky,9.4008,-0.8393,Tap Hotel
652,Epe,NG,78.71,scattered clouds,6.5841,3.9834,MAGVILLE HOTEL
653,Port-Cartier,CA,4.75,overcast clouds,50.0334,-66.8654,Le Q'Artier
655,Kieta,PG,80.98,overcast clouds,-6.2167,155.6333,Uruna Bay Retreat
656,Pizarro,CO,80.02,light rain,4.9533,-77.366,Hotel Limonar
657,Vestmanna,FO,36.52,broken clouds,62.1564,-7.1664,Vestmanna Camping
658,Kerva,RU,18.07,light snow,55.6117,39.5766,"Дом отдыха ""У Святого озера»"
659,Goure,NE,70.02,few clouds,13.9835,10.2704,
660,San Jose,US,60.91,overcast clouds,37.3394,-121.895,The Westin San Jose
661,Fengzhen,CN,27.21,overcast clouds,40.4394,113.1536,Feng Zhen Hotel
662,Hualmay,PE,70.45,overcast clouds,-11.0964,-77.6139,Hotel Villa Kitzia Huacho
663,Pomerode,BR,73.22,scattered clouds,-26.7406,-49.1769,Hotel Bergblick
664,Cumra,TR,42.94,overcast clouds,37.5732,32.7745,Catalhoyuk Hotel
665,Lingyuan,CN,32.58,light snow,41.24,119.4011,Guomao Hotel
666,Bac Lieu,VN,75.69,overcast clouds,9.285,105.7244,Khách sạn Sài Gòn Bạc Liêu
667,Skagen,DK,32.27,overcast clouds,57.7209,10.5839,Ruth's Hotel
668,San Quintin,MX,64.98,broken clouds,30.4833,-115.95,Don Eddie's Landing
669,Ulety,RU,17.17,few clouds,51.3572,112.4849,
670,Kristianstad,SE,34.18,overcast clouds,56.0313,14.1524,First Hotel Christian IV
671,Mantua,IT,41.34,overcast clouds,45.1667,10.7833,Hotel la Favorita
672,Monte Alegre De Minas,BR,75.76,broken clouds,-18.8706,-48.8808,Hotel Via Hotel
673,Gorin,RU,8.55,broken clouds,51.1983,136.6669,
674,Fort Nelson,CA,19.89,overcast clouds,58.8053,-122.7002,The Fort Nelson Hotel
675,Xuddur,SO,78.33,overcast clouds,4.1213,43.8894,Banjanay Hotel
676,Puerto Madryn,AR,58.75,broken clouds,-42.7692,-65.0385,Hotel Tolosa
677,Vila,PT,40.33,overcast clouds,42.0304,-8.1588,Hotel Castrum Villae by Walk Hotels
678,Yar-Sale,RU,16.84,overcast clouds,66.8333,70.8333,Yalemd
679,Nagua,DO,85.44,few clouds,19.3832,-69.8474,Hotel Cambri
680,Deming,US,66.38,overcast clouds,32.2687,-107.7586,Best Western Deming Southwest Inn
681,Balta,UA,37.67,overcast clouds,47.9355,29.6198,Bryhantyna Kmp
683,Placido De Castro,BR,84.65,overcast clouds,-10.3353,-67.1856,Hotel Carioca
684,Mizan Teferi,ET,64.65,few clouds,6.9833,35.5833,Hotel Salayish | ሆቴል ሳላይሽ
686,Dudinka,RU,7.0,light snow,69.4058,86.1778,Hotel Viktoria
687,Mayo,US,44.19,clear sky,38.8876,-76.5119,Resorts Resource Group International
688,Yoichi,JP,37.4,clear sky,43.2039,140.7703,Marumatta Farm 21
689,Mercedes,AR,84.85,broken clouds,-34.6515,-59.4307,Posada del Inti Centro
690,Moba,CN,31.33,few clouds,33.2288,105.0179,
691,Kolokani,ML,76.24,few clouds,13.5728,-8.0339,Lycee Famolo Coulibalibali De Kolokani
692,Tarquinia,IT,56.21,overcast clouds,42.2482,11.7553,Hotel Villa Tirreno
693,Fasa,IR,51.33,overcast clouds,28.9383,53.6482,Fasa University Boys' Dormitory
694,Katobu,ID,74.62,overcast clouds,-4.9408,122.5276,La Ode Husein
695,Olinda,BR,83.93,broken clouds,-8.0089,-34.8553,Hotel Albergue de Olinda
696,Bansbaria,IN,69.69,few clouds,22.9719,88.3994,Wasim Tea Soap
697,Gratkorn,AT,30.36,snow,47.1497,15.3655,Motel Arbotel GmbH Self Check-In 24/7
698,Colonia,DE,41.56,broken clouds,50.9333,6.95,Mauritius Hotel & Therme
699,Potam,MX,75.79,overcast clouds,27.6,-110.3833,Ejido La Pimienta
700,Westerly,US,39.11,mist,41.3776,-71.8273,La Quinta Inn & Suites by Wyndham Stonington-Mystic Area
701,Utevka,RU,28.67,overcast clouds,52.9035,50.9495,
702,Kawalu,ID,73.96,overcast clouds,-7.3817,108.2082,KOSAN UNGU UNSIK
